{
    "digest": "d6a76cbd7fb874262adbd0e4a705fc31",
    "modeling_results": {
        "XGBClassifier": {
            "accuracy": {
                "train": 0.9033295922184811,
                "test": 0.814983164983165
            },
            "cv_score": {
                "train": 0.8179386457164235,
                "test": 0.7755892255892256
            },
            "feature_importances": [
                [
                    "quantity_target_encoded",
                    0.28579631447792053
                ],
                [
                    "waterpoint_type_target_encoded",
                    0.14053227007389069
                ],
                [
                    "scheme_name_target_encoded",
                    0.1401296854019165
                ],
                [
                    "extraction_type_target_encoded",
                    0.05514134466648102
                ],
                [
                    "installer_target_encoded",
                    0.04964020475745201
                ],
                [
                    "source_target_encoded",
                    0.03762006759643555
                ],
                [
                    "basin_target_encoded",
                    0.030012549832463264
                ],
                [
                    "region_code_target_encoded",
                    0.027255386114120483
                ],
                [
                    "payment_type_target_encoded",
                    0.026150641962885857
                ],
                [
                    "scheme_management_target_encoded",
                    0.020184481516480446
                ],
                [
                    "district_code_target_encoded",
                    0.020095208659768105
                ],
                [
                    "management_target_encoded",
                    0.018801452592015266
                ],
                [
                    "amount_tsh",
                    0.018329299986362457
                ],
                [
                    "pump_age",
                    0.018225576728582382
                ],
                [
                    "longitude",
                    0.017800580710172653
                ],
                [
                    "permit",
                    0.01756366901099682
                ],
                [
                    "public_meeting",
                    0.016431067138910294
                ],
                [
                    "latitude",
                    0.016231708228588104
                ],
                [
                    "water_quality_target_encoded",
                    0.014826063066720963
                ],
                [
                    "population",
                    0.014639273285865784
                ],
                [
                    "gps_height",
                    0.01459317933768034
                ]
            ]
        }
    },
    "seed": 42
}